{
  "project_info": {
    "project_number": "492330131123",
    "firebase_url": "https://testeflir-default-rtdb.firebaseio.com",
    "project_id": "testeflir",
    "storage_bucket": "testeflir.appspot.com"
  },
  "client": [
    {
      "client_info": {
        "mobilesdk_app_id": "1:492330131123:android:2418e3bb0a006a68e1dac6",
        "android_client_info": {
          "package_name": "com.example.bottomnavexample"
        }
      },
      "oauth_client": [
        {
          "client_id": "492330131123-nbth510khqauilsife2dif26tl248lhe.apps.googleusercontent.com",
          "client_type": 3
        }
      ],
      "api_key": [
        {
          "current_key": "AIzaSyBPF6QpB5gGCJpoZnN1_gZclnwQMTwMCSc"
        }
      ],
      "services": {
        "appinvite_service": {
          "other_platform_oauth_client": [
            {
              "client_id": "492330131123-nbth510khqauilsife2dif26tl248lhe.apps.googleusercontent.com",
              "client_type": 3
            }
          ]
        }
      }
    },
    {
      "client_info": {
        "mobilesdk_app_id": "1:492330131123:android:f49ed6b030398064e1dac6",
        "android_client_info": {
          "package_name": "com.example.flirnavigation"
        }
      },
      "oauth_client": [
        {
          "client_id": "492330131123-nbth510khqauilsife2dif26tl248lhe.apps.googleusercontent.com",
          "client_type": 3
        }
      ],
      "api_key": [
        {
          "current_key": "AIzaSyBPF6QpB5gGCJpoZnN1_gZclnwQMTwMCSc"
        }
      ],
      "services": {
        "appinvite_service": {
          "other_platform_oauth_client": [
            {
              "client_id": "492330131123-nbth510khqauilsife2dif26tl248lhe.apps.googleusercontent.com",
              "client_type": 3
            }
          ]
        }
      }
    }
  ],
  "configuration_version": "1"
}